year,geography,total_households,"$9,999_or_less","$10,000_to_$14,999","$15,000_to_$24,999","$25,000_to_$34,999","$35,000_to_$49,999","$50,000_to_$74,999","$75,000_to_$99,999","$100,000_to_$150,000","$150,000_to_$199,999","$200,000_or_more",median_household_income,mean_household_income,mean_earnings,mean_soc_sec,mean_ret_income,mean_supp_sec_income,mean_cash_pub_income,food_stamp_benefits,population,pop_w_health_insurance,pop_w_private_health,pop_w_public_coverage,pop_no_health_insurance
2016,New York,7266187,556825,373344,691781,632230,832804,1177356,865492,1062251,489214,584890,60741,89397,93924,18381,26534,9366,3825,1118434,19453583,17785491,12842299,7134416,1668092
2016,"Albany County, New York",124108,7606,6285,11507,10845,14900,22510,16017,19466,8093,6879,60904,81603,83232,19131,29496,9341,3743,14305,304048,287725,237720,93742,16323
2016,"Allegany County, New York",18032,1282,1193,2308,2110,3196,3521,2277,1604,320,221,44085,54958,54495,17561,19662,9160,3220,2872,47207,43052,32118,18423,4155
2016,"Bronx County, New York",490740,76719,45398,66942,54687,65338,74323,44111,40947,12865,9410,35302,51445,57317,14211,20862,8885,3598,179811,1414859,1240816,615421,754030,174043
2016,"Broome County, New York",78738,6134,4972,10079,8560,11189,14361,9432,9066,2742,2203,47744,63302,64554,18249,22972,9310,3492,12867,194413,183183,134119,78559,11230
2016,"Cattaraugus County, New York",31502,2078,2224,4272,4040,4828,6134,3562,3288,695,381,43884,55632,56502,17614,18700,9342,2879,5588,77748,70680,52874,31778,7068
2016,"Cayuga County, New York",31039,1837,1441,3388,3243,4696,6474,3873,4266,1153,668,53114,65579,66822,18117,20376,10148,2977,3990,75490,69987,54479,28127,5503
2016,"Chautauqua County, New York",52718,4465,3738,7164,6183,8305,9720,6256,4904,1227,756,43211,55820,56322,18130,22205,9517,4112,9948,129115,120020,84854,55397,9095
2016,"Chemung County, New York",34887,2654,2172,4466,3598,4686,6739,4080,4230,1307,955,49578,64475,67328,17696,21358,9367,3057,5546,84179,78837,57033,34418,5342
2016,"Chenango County, New York",19837,1436,1314,2723,2162,2904,3943,2432,2145,499,279,46979,57930,59495,17340,18547,10469,3175,3582,48706,45351,32765,20763,3355
2016,"Clinton County, New York",31648,2266,1861,3679,3310,4574,6219,3925,3822,1366,626,50502,63804,63140,18305,24391,10340,3360,5760,76963,72684,55294,30018,4279
2016,"Columbia County, New York",25295,1412,1035,2425,2749,3016,4651,3636,3745,1322,1304,59916,80682,78133,19176,27461,9029,3853,2696,60143,56490,43695,22959,3653
2016,"Cortland County, New York",17683,1108,1012,1929,1718,2887,3437,2312,2104,809,367,50910,64736,64577,17854,20157,8965,3500,2471,48238,45411,36553,15386,2827
2016,"Delaware County, New York",18817,1471,1346,2698,2008,2579,3637,2313,2101,296,368,46055,58038,55265,18201,21261,9264,2470,2905,45975,42293,30797,20298,3682
2016,"Dutchess County, New York",106949,4471,4235,8166,8544,11547,17910,14914,19732,9327,8103,72706,93359,91870,20204,28528,10174,4604,10753,288137,269005,219568,88410,19132
2016,"Erie County, New York",382822,31399,21808,41268,37599,49911,67261,49049,52769,17831,13927,52744,70408,74211,18288,22828,9512,3824,62448,910418,866423,654275,342070,43995
2016,"Essex County, New York",15298,866,736,1542,1580,2395,3155,2189,1846,667,322,53244,67970,64912,18656,23812,10040,2803,1762,36349,33872,25740,15131,2477
2016,"Franklin County, New York",19299,1932,1282,2000,1879,2596,4022,2503,2076,578,431,49782,61437,61794,18026,26643,9155,3426,3510,46172,42132,30425,19185,4040
2016,"Fulton County, New York",22450,1613,1338,2919,2531,3578,4312,2313,2795,611,440,46090,59738,61426,17232,22481,9241,2258,3367,53503,48922,34755,22996,4581
2016,"Genesee County, New York",23825,1318,1365,2340,2621,3586,4863,3247,3225,850,410,52641,64313,64290,18842,20799,10197,4232,2849,58542,54930,43504,20945,3612
2016,"Greene County, New York",17125,1019,1040,2089,1733,2496,3289,2056,2200,705,498,51013,67084,69462,18794,28153,10178,3614,1453,45128,42119,31525,18057,3009
2016,"Hamilton County, New York",1239,72,76,155,138,157,296,117,147,52,29,52708,62567,54918,19318,28098,12960,2511,103,4669,4222,3235,2006,447
2016,"Herkimer County, New York",25670,1684,1742,2933,2731,4027,5258,3340,2895,633,427,48893,60001,60057,17917,20577,9736,4620,4460,62918,58078,41104,26502,4840
2016,"Jefferson County, New York",43428,2998,2440,4266,4842,7207,8925,5403,5343,1142,862,49911,62281,61630,17413,22664,8441,3358,7023,105638,97405,73252,38986,8233
2016,"Kings County, New York",938803,103164,61462,102273,87051,110186,146420,102042,117284,51032,57889,50640,75810,83154,15358,22798,9173,3915,224967,2596190,2317645,1359792,1141732,278545
2016,"Lewis County, New York",10307,577,659,972,1303,1645,1945,1396,1266,306,238,49976,63802,66252,17635,19425,9808,3401,1723,26714,24313,18411,9848,2401
2016,"Livingston County, New York",24217,1462,1323,2620,2325,3720,4690,3422,3438,722,495,52724,64017,65168,18393,21246,10087,3091,3114,62084,58878,48033,20553,3206
2016,"Madison County, New York",26121,1631,1132,2473,2733,3692,5248,3455,3817,1053,887,55858,70745,73007,18680,22571,9570,3811,3416,71502,67680,52711,24670,3822
2016,"Monroe County, New York",300289,23030,15618,30900,30111,40911,53591,37596,40946,15210,12376,53568,72464,75415,19182,21752,9743,3927,44490,742076,703491,542630,264433,38585
2016,"Montgomery County, New York",19540,1591,1354,2931,2085,2786,3566,2365,2026,518,318,44455,58346,58338,17355,20324,9939,3286,3887,48884,44599,29857,22130,4285
2016,"Nassau County, New York",440230,13030,9832,24036,24036,35151,55656,53371,89684,57488,77946,102044,133541,133362,21730,34207,11047,4761,22109,1346876,1258454,1078754,349465,88422
2016,"New York County, New York",753385,70834,39354,60098,49157,60822,94632,73110,102917,60184,142277,75513,138748,148898,17351,31192,8636,3657,103454,1624084,1501342,1103893,528587,122742
2016,"Niagara County, New York",87638,6210,5039,9912,10364,12233,15835,11215,11475,3430,1925,50094,64691,67965,18774,21125,10039,3861,11508,211319,199815,153881,81121,11504
2016,"Oneida County, New York",90260,6530,5650,10713,10207,12140,17693,10997,10570,3260,2500,49838,65444,67119,17396,23399,9367,3759,15827,225239,212646,150983,96091,12593
2016,"Onondaga County, New York",184925,14388,9734,17958,17194,24222,33965,23309,26526,9595,8034,55717,73878,77424,18555,23741,9846,3764,26627,462864,436066,339710,164592,26798
2016,"Ontario County, New York",44180,1759,1924,4856,4369,5879,8529,5927,6784,2227,1926,58070,76648,77626,19708,23034,8684,3208,4653,108522,102217,82352,37031,6305
2016,"Orange County, New York",125144,6720,4847,10208,9580,13443,19866,16423,24079,11004,8974,71910,90449,91119,19247,30406,10736,4015,13941,367037,342018,265530,118200,25019
2016,"Orleans County, New York",16132,1009,854,2245,1729,2392,3569,1812,1804,445,273,48731,59724,60264,17863,18641,10487,3100,2785,39187,36188,26664,16231,2999
2016,"Oswego County, New York",45374,3264,2585,4913,5006,7105,8509,6174,5435,1425,958,49571,62285,63313,18569,22561,9406,3940,7923,119812,111358,77555,50116,8454
2016,"Otsego County, New York",23539,1641,1364,2791,2548,3485,4898,2717,2683,872,540,49689,62880,61766,17907,22914,9966,2532,2621,60310,55942,43306,22155,4368
2016,"Putnam County, New York",34102,762,700,1874,2119,2414,4847,4810,7393,4441,4742,97606,119520,117424,21737,31561,12333,6447,1327,98778,92339,80831,23655,6439
2016,"Queens County, New York",779304,54716,34131,75605,71095,95857,139380,101760,117357,51350,38053,59758,77515,80754,17096,24121,8798,3966,108512,2294929,1976051,1275143,879688,318878
2016,"Rensselaer County, New York",63553,3372,3094,5493,6036,8102,11595,8933,10629,3899,2400,61754,77214,77577,18543,28028,9880,3382,7593,158204,149842,120022,52222,8362
2016,"Richmond County, New York",166014,13279,6215,12687,11208,15455,25169,21431,31929,15675,12966,74021,92152,97649,19340,31875,9993,3665,20824,469465,438378,331973,151322,31087
2016,"Rockland County, New York",99038,4018,3954,7659,6173,8905,13203,12141,18537,10846,13602,86134,111647,110006,21831,33679,9122,4783,11020,320199,294991,212584,120000,25208
2016,"St. Lawrence County, New York",41466,3389,2899,5086,4979,5540,8143,5408,3952,1121,949,46313,60757,61321,17763,21793,9234,3712,7050,107906,98594,71908,42754,9312
2016,"Saratoga County, New York",90896,2910,2658,6704,6734,10095,16929,13318,18137,7426,5985,74080,92019,92658,20113,28391,10269,3756,7152,221645,211950,182250,61848,9695
2016,"Schenectady County, New York",55027,3133,3174,5239,4910,6901,10045,8086,8480,2980,2079,59959,74602,75293,18738,28201,9735,3409,7590,153116,144116,108846,55764,9000
2016,"Schoharie County, New York",12373,660,811,1507,1336,1796,2348,1754,1462,496,203,50607,62836,62200,18461,24890,9688,2059,1548,31594,29702,22167,12857,1892
2016,"Schuyler County, New York",7376,531,480,882,794,1170,1428,894,937,179,81,47229,60523,61528,18625,22330,9988,3650,979,18062,16520,11733,7475,1542
2016,"Seneca County, New York",13672,847,590,1920,1469,1999,2580,1791,1713,460,303,50073,64571,64049,17608,19713,9897,3136,1686,32261,29139,22576,12117,3122
2016,"Steuben County, New York",40438,2620,2613,4548,5004,5812,7962,4967,4661,1273,978,48823,64486,66315,18289,21672,9506,4851,5642,96973,89189,64859,39578,7784
2016,"Suffolk County, New York",489758,17471,13372,29839,29763,42739,72192,64319,99758,58107,62198,90128,113853,115150,20875,33572,10682,4122,32959,1483117,1370555,1151302,411236,112562
2016,"Sullivan County, New York",28007,2009,1534,3360,2973,3688,5479,3438,3265,1260,1001,52027,68938,70936,18200,24488,9591,4256,3756,73437,66470,46382,30769,6967
2016,"Tioga County, New York",19705,920,1038,2262,2095,2219,3955,2508,2958,971,779,58115,72985,73929,19735,21976,8920,2951,2828,49274,46219,35501,18323,3055
2016,"Tompkins County, New York",38269,4085,2105,3393,3650,4717,6824,4333,4660,2264,2238,54133,75549,76065,19675,29563,9631,3772,3628,103385,97936,82168,26438,5449
2016,"Ulster County, New York",69335,3869,3729,6840,7194,7747,12477,8983,10730,4231,3535,60393,79337,79844,18496,24225,9826,4343,7892,176129,161407,123931,62401,14722
2016,"Warren County, New York",26944,1392,1682,2352,2696,3734,5435,3608,3847,1234,964,57174,73561,70306,19305,31273,10558,2784,3217,64348,59964,47065,24412,4384
2016,"Washington County, New York",24027,1323,1198,2745,2420,3981,4975,3234,2787,880,484,51449,64100,61386,18902,21855,9155,4158,3517,59457,54637,40524,23971,4820
2016,"Wayne County, New York",36576,1797,1753,3738,4830,5427,7393,4977,4547,1353,761,51627,64606,65460,19301,20346,9423,3645,4269,90882,84544,64656,32926,6338
2016,"Westchester County, New York",341762,17716,11493,24197,22509,30410,46088,36537,56108,34062,62642,86226,137881,142481,21020,32809,9033,3899,29540,956762,871693,704333,277258,85069
2016,"Wyoming County, New York",15780,784,741,1681,1777,2337,3638,2362,1823,432,205,53612,63736,62073,18211,21172,9543,2647,1638,37655,35451,27934,13502,2204
2016,"Yates County, New York",9532,542,596,1013,1257,1349,1699,1212,1131,413,320,50105,67920,66642,18454,23036,8370,3008,1153,24747,19515,14444,8759,5232
2015,New York,7262279,569147,379134,713569,641022,848598,1189040,863158,1042528,468997,547086,59269,86825,91146,17985,25983,9301,3937,1120886,19427310,17550259,12753304,6932536,1877051
2015,"Albany County, New York",123451,7727,6381,11509,10786,15083,22735,16520,18825,7937,5948,59887,78816,80701,18710,28535,9187,3905,13864,303811,285636,236064,91499,18175
2015,"Allegany County, New York",18285,1261,1215,2419,2381,3181,3608,2150,1561,323,186,42776,53610,53091,17363,19043,9370,3240,3037,47597,43284,32250,18426,4313
2015,"Bronx County, New York",484902,78567,44912,68359,53837,64331,72761,42106,39252,12175,8602,34299,50191,56091,13946,20923,8816,3510,180609,1406091,1213943,606165,731648,192148
2015,"Broome County, New York",79132,6891,5014,10137,8629,11359,14298,8927,9232,2721,1924,46261,61133,62542,17910,21536,8968,3718,12537,195125,181497,134979,75938,13628
2015,"Cattaraugus County, New York",31635,2126,2310,4650,4003,4858,6115,3617,2882,636,438,42601,54628,55080,17162,18570,9498,2855,5570,78228,70235,52652,31156,7993
2015,"Cayuga County, New York",30972,1776,1632,3662,3176,4602,6474,3895,4024,1106,625,52082,63949,65689,18044,20006,9636,3346,4053,75997,69608,53969,27528,6389
2015,"Chautauqua County, New York",53546,4678,3715,7461,6257,8509,10113,6268,4548,1259,738,42993,54880,55152,17547,20721,9606,3858,9757,130012,120060,86505,53297,9952
2015,"Chemung County, New York",35167,2776,2131,4313,3713,4548,6899,4095,4337,1383,972,50320,65467,69360,17394,20081,9476,3465,5518,83978,78358,57776,32753,5620
2015,"Chenango County, New York",19641,1340,1337,2726,2312,2851,3993,2377,2057,437,211,45668,56345,57212,17403,18239,10227,3100,3401,48980,44585,32323,19926,4395
2015,"Clinton County, New York",31898,2336,1828,3807,3565,4434,6293,3895,3986,1124,630,49930,63228,63060,17639,24137,10147,3117,5837,77192,72447,56052,28869,4745
2015,"Columbia County, New York",25235,1388,1074,2330,2692,3202,4855,3439,3782,1231,1242,59105,78720,75942,18824,25199,8788,3276,2576,60471,56411,44233,22342,4060
2015,"Cortland County, New York",17935,1178,1098,2172,1815,2777,3485,2192,2063,831,324,49514,63133,63278,17140,20006,9003,3560,2582,48573,45397,36591,15331,3176
2015,"Delaware County, New York",19262,1544,1393,2777,2222,2916,3733,2006,2062,308,301,43720,55606,53456,17905,20334,8991,2380,2844,46366,42145,30967,19654,4221
2015,"Dutchess County, New York",106771,4615,4353,8441,8736,11104,18035,15112,19737,9359,7279,71904,90537,89688,19822,28303,10374,4777,10521,289320,267155,220818,84911,22165
2015,"Erie County, New York",382846,31827,22467,43167,39125,50173,68098,47827,51092,16517,12553,51247,67940,71792,17923,21688,9574,3769,62449,909999,857770,654339,332899,52229
2015,"Essex County, New York",15268,900,827,1435,1677,2436,3043,2245,1739,693,273,52758,65324,63268,18135,21902,9867,3156,1756,36689,33755,25968,14450,2934
2015,"Franklin County, New York",19148,1934,1348,2292,1844,2534,3781,2573,1985,515,342,47923,58774,60286,17389,25254,8935,3603,3286,46449,41675,29988,18816,4774
2015,"Fulton County, New York",22281,1662,1446,2748,2516,3427,4592,2368,2666,452,404,46969,58356,59948,16843,22172,8962,2505,3549,53767,48711,34517,22943,5056
2015,"Genesee County, New York",23938,1400,1439,2529,2641,3727,4925,3146,3105,685,341,50880,61549,61215,18399,19304,9997,3880,2729,58923,54375,43112,20423,4548
2015,"Greene County, New York",17634,1095,1005,2024,1913,2729,3158,2147,2525,598,440,50278,66557,69967,18200,25910,10390,3692,1804,45396,41960,32043,17216,3436
2015,"Hamilton County, New York",1376,114,80,147,165,208,287,150,138,48,39,48243,61069,57217,18691,25441,11051,3750,101,4736,4246,3461,1923,490
2015,"Herkimer County, New York",26130,1833,1741,3151,3017,4232,5152,3347,2687,558,412,46229,57466,57903,17422,19509,9867,4510,4617,63372,57939,41671,25800,5433
2015,"Jefferson County, New York",44306,3026,2577,4538,4955,7274,9679,5514,4848,1116,779,49505,60441,59835,17007,21755,8852,3366,7102,106421,97789,74215,38782,8632
2015,"Kings County, New York",931786,105997,63160,105190,89516,112708,148130,99552,110324,46922,50287,48201,71957,79169,15024,22188,9121,4093,223685,2585048,2274398,1329357,1121697,310650
2015,"Lewis County, New York",10539,638,618,1061,1277,1694,2114,1369,1289,276,203,49819,61986,63920,17566,19947,9568,2861,1651,26772,24111,18279,9674,2661
2015,"Livingston County, New York",24226,1617,1253,2658,2699,3413,4566,3518,3394,645,463,51734,62737,64687,18086,21405,9573,3578,3145,62337,58729,47658,20523,3608
2015,"Madison County, New York",26288,1759,1051,2613,2696,3939,5297,3652,3460,997,824,54145,68675,70984,18658,22033,9287,4035,3459,71788,67661,53192,24015,4127
2015,"Monroe County, New York",299764,23692,15637,31857,30728,41357,52631,37921,39869,14343,11729,52553,70955,74123,18744,20728,9749,3994,44109,742169,697148,542377,256368,45021
2015,"Montgomery County, New York",19539,1651,1496,2837,1964,2972,3576,2240,1886,588,329,43764,57536,57833,17075,19910,9517,3493,3868,49025,44670,30116,21909,4355
2015,"Nassau County, New York",440640,13360,10349,25256,24196,35926,58343,53783,90071,55557,73799,99465,129293,129033,21078,33436,11119,5400,22669,1344466,1243750,1069584,339631,100716
2015,"New York County, New York",750419,71430,39773,61948,50362,63071,94506,72568,100945,58474,137342,72871,135687,144465,16980,31749,8537,3807,104679,1618623,1474513,1089315,514332,144110
2015,"Niagara County, New York",87807,6509,4930,10565,10235,12008,16564,10973,10822,3351,1850,49449,63419,66581,18388,20285,9760,4107,12575,212045,198778,154542,78736,13267
2015,"Oneida County, New York",90844,7034,5702,11058,10388,12429,17489,10865,10214,3179,2486,48246,63857,65257,16970,23339,9187,3883,16091,225782,210962,149829,95220,14820
2015,"Onondaga County, New York",184641,14473,9768,18438,17802,24197,33998,23293,25653,9443,7576,55092,72139,75618,18254,23463,9798,3803,26300,463030,431964,338269,159354,31066
2015,"Ontario County, New York",44252,1735,1864,4835,4543,6166,8623,5986,6621,2131,1748,57416,75308,75634,19430,22742,9160,4021,4518,108183,100811,81597,36040,7372
2015,"Orange County, New York",125270,7076,5001,10197,9404,13224,20582,16595,23902,10763,8526,70848,89479,90035,19113,29760,10137,4359,13924,365674,336744,262796,113891,28930
2015,"Orleans County, New York",16016,1126,937,2248,1782,2423,3436,1833,1617,418,196,46359,56908,57716,17473,19638,10376,3048,2875,39378,36039,26715,16319,3339
2015,"Oswego County, New York",45300,3494,2415,5027,5566,6997,8321,6098,5176,1334,872,47860,60560,61679,18092,21970,9626,4013,7519,120399,111061,78051,49209,9338
2015,"Otsego County, New York",23636,1685,1396,2734,2692,3546,4963,2679,2571,784,586,48588,62240,60793,17578,22767,9382,2794,2603,60741,56234,43408,22039,4507
2015,"Putnam County, New York",34090,897,694,1886,2266,2392,4847,4642,7529,4318,4619,96148,117519,115745,21405,30969,11104,7025,1370,98830,91231,80946,22264,7599
2015,"Queens County, New York",780644,55878,35526,79184,70902,99201,140342,100799,115401,48489,34922,57720,75162,78330,16795,23545,8827,3964,110539,2286325,1928600,1245101,855293,357725
2015,"Rensselaer County, New York",63447,3751,2954,5714,5779,8375,11857,8486,10587,3780,2164,60709,75645,75965,18080,28029,9595,3504,7623,158130,149191,120739,50439,8939
2015,"Richmond County, New York",165784,12231,6274,13061,11299,16040,25908,22686,30938,15623,11724,73197,90236,95153,18912,31127,9652,3860,20874,468626,434826,329474,148209,33800
2015,"Rockland County, New York",98806,3804,4229,7861,5737,9253,13057,12888,18888,10434,12655,84855,108859,107351,21421,33823,9633,4970,10854,318078,290356,211899,114417,27722
2015,"St. Lawrence County, New York",41449,3648,2715,5282,4989,5948,8052,5068,3812,1149,786,44705,58676,59174,17144,21873,9151,4279,6979,108388,98031,72527,40987,10357
2015,"Saratoga County, New York",89921,3111,2802,6532,6745,10524,17333,13221,17671,6776,5206,71496,87951,88652,19791,27592,9981,3523,6637,220444,209699,182040,59645,10745
2015,"Schenectady County, New York",56760,3465,3113,5658,5073,7199,10915,8023,8445,2837,2032,58114,72662,73532,18550,26529,9758,4045,7520,153072,142516,109492,53752,10556
2015,"Schoharie County, New York",12409,733,725,1417,1332,1855,2453,1826,1414,397,257,51195,62802,62492,17991,24430,10645,1965,1523,31801,29565,22617,12210,2236
2015,"Schuyler County, New York",7686,518,483,927,816,1254,1559,912,925,228,64,47680,59578,59820,17426,22061,9865,3293,945,18089,16306,11667,7182,1783
2015,"Seneca County, New York",13561,864,662,1889,1401,2077,2503,1874,1638,410,243,49292,62828,62921,17204,20405,9881,3057,1572,32465,29115,22768,11662,3350
2015,"Steuben County, New York",41058,3016,2659,4707,4924,6222,8094,4992,4439,1123,882,47280,61543,63182,17673,21206,9400,4536,5773,97509,88410,64721,38950,9099
2015,"Suffolk County, New York",493849,17241,13282,30541,29844,44194,73491,67847,103081,56563,57765,88663,110577,111604,20307,32758,10593,4435,32108,1486195,1360772,1157115,389717,125423
2015,"Sullivan County, New York",28404,2166,1685,3341,2875,3965,5829,3356,3242,1109,836,50710,65585,67089,17983,23589,9335,4783,4055,74047,66167,46022,30664,7880
2015,"Tioga County, New York",19872,941,1042,2300,1910,2401,4283,2268,3050,940,737,57514,72680,73349,19691,19957,8977,2770,2390,49835,46223,36977,16918,3612
2015,"Tompkins County, New York",38460,4142,2162,3623,3724,4860,6671,4233,4764,2127,2154,52624,74288,75593,18835,27837,8826,3358,3675,102995,97258,82276,25624,5737
2015,"Ulster County, New York",69474,4163,3617,7180,6944,8252,12470,8906,10618,4114,3210,58918,77109,77446,17916,24528,9398,4388,8512,176979,160428,123840,61437,16551
2015,"Warren County, New York",26788,1573,1629,2619,2536,3456,5760,3477,3517,1230,991,56798,71951,69846,18951,30309,9540,3015,3307,64588,59285,46873,23605,5303
2015,"Washington County, New York",24237,1294,1378,2787,2638,3759,5293,3267,2640,774,407,51143,61813,59319,18360,21382,8943,3542,3605,59719,54432,40901,23479,5287
2015,"Wayne County, New York",36476,1956,1825,3881,4997,5254,7037,5155,4438,1282,651,50798,63372,64042,18602,19855,9442,3840,4479,91351,83783,64873,31677,7568
2015,"Westchester County, New York",341866,17128,11592,25071,23471,31699,46694,36847,55603,33262,60499,83958,134714,138705,20652,32751,9146,4125,29773,954315,862706,701967,267288,91609
2015,"Wyoming County, New York",15787,777,752,1818,1854,2293,3554,2269,1873,423,174,52564,62150,60068,18009,21468,9003,2703,1714,37747,34987,27935,12914,2760
2015,"Yates County, New York",9725,580,661,974,1139,1560,1787,1275,1068,392,289,49510,65445,62814,18151,25485,7715,3163,1290,24829,19818,14791,8716,5011
2014,New York,7255528,559519,384024,718436,649804,856304,1191846,870092,1036707,460201,528595,58687,85736,90041,17900,25809,9372,4110,1099161,19342657,17290103,12703988,6697058,2052554
2014,"Albany County, New York",122945,7710,6259,11395,10971,15290,22184,16173,19402,8024,5537,59940,78285,80563,18580,28534,9386,4307,13338,302507,281872,232774,89056,20635
2014,"Allegany County, New York",18407,1268,1333,2512,2343,3160,3545,2157,1547,343,199,42726,53827,52982,17240,18651,9474,3811,3077,47912,43200,32851,17666,4712
2014,"Bronx County, New York",480323,75594,45877,68265,54006,63405,72248,42744,38467,11721,7996,34284,49661,55488,13903,20906,8829,3470,178713,1390191,1184913,597594,706370,205278
2014,"Broome County, New York",79438,6683,5002,10108,8786,11761,14731,8978,8669,2693,2027,46368,60688,62174,17891,21527,9163,3972,11979,195859,180278,135171,73691,15581
2014,"Cattaraugus County, New York",31798,2054,2229,4586,3976,4989,6205,3817,2830,672,440,43503,55277,55050,17115,19471,9279,3186,4973,78632,69812,52841,30166,8820
2014,"Cayuga County, New York",30907,1847,1571,3675,3207,4628,6551,3838,3963,1060,567,51792,62824,64671,17763,19896,9563,3188,3748,76193,68988,53979,26942,7205
2014,"Chautauqua County, New York",54226,4746,3890,7445,6393,8615,10284,6292,4689,1267,605,42720,53971,54791,17320,20359,9822,3760,9435,130892,119606,87086,52640,11286
2014,"Chemung County, New York",35390,2559,2244,4780,3776,4414,6797,4208,4127,1497,988,49685,64707,67704,17639,19754,10360,3591,5358,84560,78200,58761,32199,6360
2014,"Chenango County, New York",19560,1379,1392,2531,2452,3095,3858,2348,1871,409,225,44427,55265,56219,17353,17304,10204,3417,3294,49298,44734,32230,19968,4564
2014,"Clinton County, New York",31976,2294,2061,3650,3446,4262,6208,4047,4090,1224,694,50985,64485,65101,17634,23493,10622,3082,5442,77317,72521,57522,27264,4796
2014,"Columbia County, New York",25095,1185,1083,2361,2679,3423,4637,3481,3920,1268,1058,58625,78941,75220,18636,24591,8674,3493,2298,60669,55762,44210,21369,4907
2014,"Cortland County, New York",18045,1235,1165,1998,2009,2844,3514,2257,1920,826,277,48404,61284,61694,16764,18014,9317,3267,2644,48733,45004,36078,15252,3729
2014,"Delaware County, New York",19370,1385,1346,2712,2425,2946,3655,2229,2052,371,249,44183,56099,53110,17845,20149,8750,2554,2462,46649,42130,32089,18100,4519
2014,"Dutchess County, New York",106898,4423,4207,8358,8633,11047,18401,15706,19655,9040,7428,72471,90923,90703,19900,27815,10138,5150,9751,289666,264963,223326,79398,24703
2014,"Erie County, New York",381783,30849,22161,43780,39716,50674,69629,47034,49421,16220,12299,51050,67277,70993,17974,21614,9650,3829,60327,908841,850893,658334,322945,57948
2014,"Essex County, New York",15571,875,827,1723,1758,2570,3018,2189,1698,617,296,50322,64341,61474,18158,21340,9847,3172,1762,36726,33319,25931,14010,3407
2014,"Franklin County, New York",19131,1667,1363,2406,1988,2651,3554,2678,1995,465,364,47110,58932,60429,17518,25048,8745,4114,3236,46483,41235,29881,18205,5248
2014,"Fulton County, New York",22440,1716,1377,2807,2657,3560,4356,2453,2670,455,389,45722,58147,59622,16615,22047,8909,2787,3501,53838,48226,34804,21954,5612
2014,"Genesee County, New York",23967,1265,1364,2507,2698,4002,4857,3152,3045,700,377,50573,63416,61908,18363,21805,9964,3807,2480,59101,53865,43471,19282,5236
2014,"Greene County, New York",18102,1136,1058,2044,2008,2830,3338,2172,2443,636,437,49864,65390,67570,18227,26403,11059,4942,1870,45568,41580,32695,16371,3988
2014,"Hamilton County, New York",1639,88,79,164,205,247,385,174,207,45,45,52939,63710,61051,18843,27123,11777,4778,87,4759,4313,3672,1735,446
2014,"Herkimer County, New York",26583,1798,2112,3189,3120,4177,5330,3355,2590,547,365,45649,56640,57473,16961,18591,9529,4734,4821,63626,57890,41507,26006,5736
2014,"Jefferson County, New York",44822,3010,2710,4742,5087,7465,9641,5455,4693,1123,896,48613,60174,59840,16954,21366,9317,3742,7424,106666,97447,74954,37302,9219
2014,"Kings County, New York",925371,105868,64435,105583,90627,116036,146880,98258,107225,45368,45091,46958,69599,77073,15039,21985,9218,4332,220205,2559666,2224009,1305891,1093168,335657
2014,"Lewis County, New York",10726,799,532,1217,1313,1867,2034,1340,1173,275,176,46990,59166,61538,17621,19735,10185,2870,1848,26775,23934,17983,9577,2841
2014,"Livingston County, New York",24242,1620,1162,2650,2639,3485,4539,3669,3347,736,395,52200,62604,63400,18258,21841,10057,3301,2995,62364,58580,48535,19090,3784
2014,"Madison County, New York",26407,1591,1236,2568,2678,4194,5505,3648,3192,973,822,53584,67771,69534,18398,21972,9417,5216,3228,72009,67311,54235,22457,4698
2014,"Monroe County, New York",298915,23360,15493,32036,31239,40865,53204,37713,39603,13916,11486,52501,70767,73674,18742,21379,10005,4143,42303,740836,691077,545687,244730,49759
2014,"Montgomery County, New York",19655,1621,1426,2682,2154,3006,3596,2219,2067,535,349,44167,58106,58831,16853,19872,9047,3948,3812,49188,43930,30298,20672,5258
2014,"Nassau County, New York",441912,13261,10301,25777,25062,36393,58338,54764,90226,54943,72847,98401,128206,128495,20937,32890,11128,5505,22275,1340244,1227201,1063801,327315,113043
2014,"New York County, New York",745089,71440,39207,62636,51331,64489,94112,73515,99567,56607,132185,71656,132838,141365,16800,30746,8642,4051,102202,1607222,1450115,1079969,501485,157107
2014,"Niagara County, New York",88252,6541,5100,10701,10228,12172,16688,10760,10887,3251,1924,49091,63175,66928,18226,20077,9657,4031,12828,212772,197464,155883,76432,15308
2014,"Oneida County, New York",90821,6885,5704,11019,10045,12527,17469,10884,10654,3451,2183,48931,63439,65517,16723,22858,9052,3777,15630,225534,209919,152301,91608,15615
2014,"Onondaga County, New York",185089,14572,10092,18837,18083,24012,34312,23260,25666,8890,7365,54498,71456,75081,18323,22932,9667,3540,25784,462500,426723,338629,153470,35777
2014,"Ontario County, New York",44198,1627,1820,4871,4842,5822,9082,6008,6463,1985,1678,57318,73918,73023,18996,22531,9651,4264,4300,107948,99444,81790,34018,8504
2014,"Orange County, New York",124901,6479,4960,10586,9280,13270,21028,16846,23534,10737,8181,70794,88441,88992,18955,29183,10098,4524,13501,364531,331636,262058,109014,32895
2014,"Orleans County, New York",15894,1055,910,2133,1847,2299,3289,1965,1834,406,156,48015,57666,58526,17742,19283,9730,2886,2722,39716,35885,27309,15610,3831
2014,"Oswego County, New York",45300,3672,2485,5234,5439,6661,8170,5969,5381,1494,795,47646,60820,62681,17840,20615,9327,3956,7435,120822,110567,80331,46563,10255
2014,"Otsego County, New York",23798,1701,1521,2870,2850,3293,4911,2772,2619,717,544,47884,61290,59595,17485,23996,9496,2765,2741,61121,55971,43443,21481,5150
2014,"Putnam County, New York",34164,952,721,1912,2431,2540,4654,4466,7819,4005,4664,96262,116931,115427,21384,31663,10924,7696,1312,99059,90477,81083,20941,8582
2014,"Queens County, New York",780069,55668,36557,79713,72083,99314,140122,101851,114378,47036,33347,57210,74140,77315,16746,23430,8858,4249,111533,2265741,1879320,1223091,828469,386421
2014,"Rensselaer County, New York",63995,3790,3216,5800,5690,8430,11949,8995,10449,3624,2052,60140,74105,74880,17827,27957,9649,3462,7964,157653,147512,119513,49535,10141
2014,"Richmond County, New York",165079,11241,6381,13051,11721,15934,25193,22729,31191,15978,11660,74043,90681,95789,18824,30650,9605,4238,20276,467332,431821,331279,143154,35511
2014,"Rockland County, New York",98394,3851,4018,7492,5860,8936,13277,12868,18763,10657,12672,85808,109174,108003,21064,34168,9734,5352,10107,315547,285538,214343,106250,30009
2014,"St. Lawrence County, New York",41579,3640,2829,5373,4953,5928,7891,5039,3920,1149,857,44454,58928,59581,17247,21891,9309,4498,6777,108424,96381,72525,39251,12043
2014,"Saratoga County, New York",89876,3135,3172,6475,7413,10240,17151,13247,17629,6255,5159,70581,87334,88082,19443,26788,9999,3621,6876,219154,206654,180759,56667,12500
2014,"Schenectady County, New York",57846,3607,3200,6040,5328,7228,11304,7858,8487,2855,1939,57025,71184,72883,18537,25901,9734,4305,7488,153498,141410,109929,52746,12088
2014,"Schoharie County, New York",12739,753,845,1406,1270,1900,2472,1821,1529,413,330,51873,64152,64768,17310,24383,10294,2544,1535,31996,29604,23025,11865,2392
2014,"Schuyler County, New York",7759,409,517,904,818,1287,1701,916,961,200,46,49225,58511,59078,17661,18356,10105,3374,885,18061,16114,11935,6694,1947
2014,"Seneca County, New York",13485,806,799,1951,1342,1988,2493,1892,1632,391,191,48932,60595,60784,16625,20379,9486,2878,1477,32473,28856,23008,11147,3617
2014,"Steuben County, New York",41285,2955,2706,4670,4826,6465,8238,4962,4367,1269,827,47733,61179,63097,17865,20708,9389,4086,5588,97742,87218,65259,37283,10524
2014,"Suffolk County, New York",496780,16790,13316,30568,29885,45012,74395,68676,105649,56249,56240,88323,109783,110674,20222,32484,10882,5078,31017,1485692,1347791,1152940,376945,137901
2014,"Sullivan County, New York",28954,2227,1861,3512,2862,4153,5804,3598,3029,1043,865,49388,63971,64444,17790,24268,9525,4451,4147,74778,65226,44796,30571,9552
2014,"Tioga County, New York",20178,920,1146,2414,1968,2424,4350,2514,2757,1028,657,56167,71107,70652,19676,19983,9379,3452,2567,50089,45997,36960,16605,4092
2014,"Tompkins County, New York",38340,4151,2068,3595,3586,5086,6719,4384,4833,2036,1882,52836,72701,73792,18529,28526,9014,3522,3997,102302,96340,81811,25080,5962
2014,"Ulster County, New York",69388,3972,3642,7175,6734,8550,12465,9002,10468,3921,3459,58592,77548,76920,17836,25304,9222,4390,8226,177193,158870,124114,58753,18323
2014,"Warren County, New York",27699,1427,1663,2689,2845,3623,5716,3770,3783,1264,919,56601,71229,69736,18731,29215,10119,3500,3243,64758,59022,46928,23149,5736
2014,"Washington County, New York",24165,1214,1408,2882,2725,3572,5217,3399,2627,739,382,51494,61153,59356,18261,20868,8970,3869,3435,59768,53493,40906,22121,6275
2014,"Wayne County, New York",36479,1868,1699,4019,4880,5129,7249,5312,4491,1214,618,51597,63553,63930,18621,20461,9538,4152,4199,91654,83394,65971,30028,8260
2014,"Westchester County, New York",342956,16073,11804,24700,23728,32286,48107,38497,55756,32608,59397,83422,133325,136888,20451,33226,9234,4332,27852,948996,849582,700111,254450,99414
2014,"Wyoming County, New York",15691,686,714,1935,1754,2319,3413,2433,1883,385,169,53012,61921,60081,18118,20900,8939,2353,1536,37921,34942,28605,12260,2979
2014,"Yates County, New York",9642,526,648,1022,1106,1514,1883,1336,904,375,328,50061,66161,61185,18263,27070,8513,3326,1295,24892,20024,15193,8513,4868
2013,New York,7234743,562307,378465,724289,657882,859574,1201783,870855,1023910,447506,508172,58003,84432,88516,17510,25196,9159,4138,1050669,19231242,17087639,12719007,6474570,2143603
2013,"Albany County, New York",122700,7610,6212,11549,10993,15344,22384,16270,18878,8269,5191,59394,77687,79182,18165,28277,9360,4504,12510,301642,280516,235133,85332,21126
2013,"Allegany County, New York",18786,1341,1445,2522,2422,3208,3528,2169,1554,368,229,42445,53800,53287,17195,18130,9262,4235,3071,48126,43469,33781,16920,4657
2013,"Bronx County, New York",474842,75663,43202,67509,53803,63026,72212,43153,37298,11755,7221,34388,49421,55214,13639,19663,8614,3420,170807,1372985,1162772,593784,681198,210213
2013,"Broome County, New York",79763,6488,5076,10808,8801,11641,14942,8773,8396,2768,2070,45958,60570,61676,17763,21128,8979,4037,11360,196422,179439,137981,70361,16983
2013,"Cattaraugus County, New York",32246,2129,2373,4809,4074,5099,6316,3728,2753,522,443,42603,53652,53614,16620,18438,9013,3379,4794,78955,69643,53451,29473,9312
2013,"Cayuga County, New York",31311,1963,1518,3975,3210,4502,6390,4529,3632,1046,546,51581,62027,63712,17136,19592,9774,3188,3448,76299,68309,53206,26596,7990
2013,"Chautauqua County, New York",54863,5147,3697,7410,7061,8557,10265,6045,4642,1457,582,42429,53272,54056,16623,19662,9804,3769,9342,131390,119511,88657,51666,11879
2013,"Chemung County, New York",35622,2469,2277,5024,3896,4500,6986,4187,4135,1283,865,48804,62523,64875,17293,18675,9480,3832,5242,84682,77642,59439,31457,7040
2013,"Chenango County, New York",19829,1538,1258,2702,2398,3180,3931,2457,1682,457,226,43941,54569,56051,17028,16979,9241,3171,3125,49545,44768,32772,19582,4777
2013,"Clinton County, New York",31901,2179,2058,3719,3567,4329,6371,4008,3938,1085,647,50282,63087,63133,16975,21934,10664,3282,5119,77296,71811,57155,26569,5485
2013,"Columbia County, New York",25280,1258,1113,2593,2759,3456,4444,3277,3905,1278,1197,57336,80898,78360,18336,24944,9027,3637,2190,60733,55379,44494,20752,5354
2013,"Cortland County, New York",18069,1427,1045,1987,1992,3035,3439,2231,1811,856,246,47151,60268,60365,16392,18849,9081,3430,2524,48771,44932,36239,14947,3839
2013,"Delaware County, New York",19844,1356,1432,2826,2252,3116,3960,2365,2032,292,213,44470,55302,51889,17263,20219,8463,2724,2376,46899,42187,32793,17677,4712
2013,"Dutchess County, New York",107830,4486,4304,8291,8863,11175,18791,16042,19454,9137,7287,72525,90044,90148,19463,26777,9955,4563,9003,289540,263297,224450,76061,26243
2013,"Erie County, New York",380152,32420,21941,43959,39201,50324,70062,47655,46815,15756,12019,50653,66095,69825,17537,21224,9417,3728,57751,907174,845295,663682,314013,61879
2013,"Essex County, New York",15919,833,822,1818,2040,2781,3220,1836,1686,569,314,47380,63672,60138,17999,21758,10160,3456,1574,36784,33166,25974,13851,3618
2013,"Franklin County, New York",19238,1767,1389,2495,2100,2716,3584,2558,1973,338,318,45667,56804,58460,16568,22821,8834,3954,3115,46465,40932,30030,17564,5533
2013,"Fulton County, New York",22611,1872,1355,2897,2753,3571,4276,2402,2606,477,402,44276,57365,58605,16610,20923,8876,3237,3545,53975,48254,34924,21839,5721
2013,"Genesee County, New York",23884,1382,1191,2684,2966,3735,4763,3248,2780,743,392,49922,62861,61677,18044,20740,9998,4149,2483,59159,54158,43836,19062,5001
2013,"Greene County, New York",18365,1117,1099,2296,2001,2738,3427,2181,2471,566,469,49655,65010,67802,17760,25376,10265,5253,1790,45759,41602,32596,16314,4157
2013,"Hamilton County, New York",1854,89,80,203,229,298,382,239,224,56,54,51522,64240,61772,18749,27069,11662,5109,83,4792,4426,3806,1679,366
2013,"Herkimer County, New York",26815,1924,2024,3310,3129,4312,5295,3513,2399,519,390,45047,55883,56998,16319,18023,8645,4338,4653,63684,57562,41852,25323,6122
2013,"Jefferson County, New York",45011,3215,2576,5201,5552,7589,9102,5386,4471,1165,754,46484,58157,58030,16162,21012,9247,3860,7297,106409,96336,73759,36899,10073
2013,"Kings County, New York",916025,107752,63646,106524,91222,115387,147271,94429,106334,42861,40599,46085,67629,74957,14778,21317,9053,4407,213576,2528852,2182679,1300329,1059425,346173
2013,"Lewis County, New York",10677,739,484,1311,1344,1838,2217,1256,1153,212,123,46840,57419,59751,17235,18768,10019,2993,1752,26759,23729,18535,9053,3030
2013,"Livingston County, New York",24092,1577,1279,2494,2458,3325,4834,3717,3282,730,396,53518,63155,64201,17951,22869,10046,3312,2711,62529,58284,48953,18289,4245
2013,"Madison County, New York",26565,1603,1256,2749,2598,4200,5410,3708,3391,944,706,53589,66249,67569,17825,21799,9836,5138,2884,72086,66895,54972,21533,5191
2013,"Monroe County, New York",297040,24179,14874,31384,30766,40905,53124,38937,38132,13496,11243,52394,70190,72575,18364,21069,9705,3958,40322,739092,686161,551235,235032,52931
2013,"Montgomery County, New York",19703,1530,1445,2675,2179,2963,3768,2324,2057,478,284,44156,57380,57276,16553,20447,9586,4202,3485,49238,43835,31327,19796,5403
2013,"Nassau County, New York",441955,13089,10347,26056,24646,36629,59428,55651,91468,54182,70459,97690,126127,126331,20447,32256,10949,5684,20897,1333255,1213251,1059554,316729,120004
2013,"New York County, New York",736192,71021,39554,62625,52728,64540,95337,71298,96875,54475,127739,69659,130490,138811,16436,30560,8363,4193,98037,1593855,1425463,1065865,490689,168392
2013,"Niagara County, New York",88376,6394,5466,11164,10213,12295,16903,10367,10764,3125,1685,47955,61729,64795,17655,19956,9094,4420,12798,213144,196795,157502,76109,16349
2013,"Oneida County, New York",91075,7196,5379,11184,10247,12553,17611,11040,10454,3129,2282,48729,62437,64742,16427,21908,8767,3848,14744,225256,208777,155051,88584,16479
2013,"Onondaga County, New York",184855,14367,10241,19403,18456,23519,34501,22973,25993,8616,6786,54242,70478,73824,18017,22548,9427,3519,24505,461833,422666,339971,145352,39167
2013,"Ontario County, New York",43794,1747,1799,4576,4685,6177,8992,5955,6312,1874,1677,56479,73446,71772,18361,21981,9658,4198,4038,107310,98380,82575,32415,8930
2013,"Orange County, New York",125317,6084,5228,10346,9853,13476,21024,17043,23443,10676,8144,70458,88290,88262,18428,28824,9329,4532,12987,363363,327287,261323,104730,36076
2013,"Orleans County, New York",15725,860,860,2138,1866,2341,3223,2060,1752,416,209,48502,58931,58773,17888,19383,10742,2505,2498,39875,35847,27744,15491,4028
2013,"Oswego County, New York",45325,3718,2353,5401,5406,6526,8590,6096,5039,1395,801,48051,60258,62050,17248,19872,9040,3982,7034,120886,110398,82735,44644,10488
2013,"Otsego County, New York",24078,1651,1477,3014,2939,3431,5008,2913,2470,583,592,47765,60649,57786,17104,23759,9247,2657,2395,61373,56177,44397,20817,5196
2013,"Putnam County, New York",34496,970,743,1990,2316,2724,4791,4576,7831,4187,4368,95117,114442,114472,20639,29639,11159,6327,1319,99074,90231,81656,20190,8843
2013,"Queens County, New York",778630,55427,35532,79166,74033,100085,140552,102727,113541,44819,32748,57001,73521,76549,16382,23023,8628,4328,107383,2241483,1847986,1218816,802847,393497
2013,"Rensselaer County, New York",64242,4055,3190,5722,5940,8387,12026,8810,10377,3512,2223,59432,73410,73590,17447,27806,9134,3419,7387,157608,147318,120700,47977,10290
2013,"Richmond County, New York",164609,10804,6162,12876,12412,16536,25879,22692,30437,15483,11328,72569,89552,94037,18469,30559,9488,4277,19136,465584,428835,331832,138980,36749
2013,"Rockland County, New York",98326,3884,3747,7545,6036,8569,13910,12766,18898,10910,12061,84951,108126,107318,20536,33893,10137,5277,9548,312352,280843,216134,99296,31509
2013,"St. Lawrence County, New York",41839,3829,2698,5405,5170,6249,8058,4640,4066,1025,699,43647,57017,57467,16840,20850,9277,4317,6490,108517,95680,72034,38748,12837
2013,"Saratoga County, New York",88460,3188,3458,6519,7269,9774,17107,13239,16944,6026,4936,69826,86514,88014,19097,26186,9846,3195,6150,217839,203911,180992,53152,13928
2013,"Schenectady County, New York",58059,3591,3211,6251,5157,7617,11344,7885,8199,2962,1842,56061,70104,71801,17962,24467,9613,4639,6619,153141,140340,111322,50806,12801
2013,"Schoharie County, New York",12820,649,914,1406,1264,1778,2713,1684,1594,484,334,53245,65597,65283,17231,23318,10150,2855,1431,32205,29495,23476,11390,2710
2013,"Schuyler County, New York",7684,361,504,1026,918,1241,1716,783,885,164,86,46976,57460,58115,16976,17446,10295,3424,793,17980,15550,11821,6344,2430
2013,"Seneca County, New York",13429,929,795,1696,1543,2086,2556,1707,1606,313,198,47618,58883,59817,16261,20322,9046,2727,1438,32627,28797,23330,10615,3830
2013,"Steuben County, New York",41503,2852,2528,4848,4990,6697,8291,4821,4362,1289,825,47476,60649,62456,17438,20195,9315,3907,5244,97771,86866,66446,35831,10905
2013,"Suffolk County, New York",497347,15940,13124,30662,30183,45389,74974,71080,106871,55179,53945,87763,108316,109182,19824,31408,10554,5364,28132,1481777,1337029,1158121,359666,144748
2013,"Sullivan County, New York",29531,2281,1948,3779,3022,4367,5625,3541,3145,998,825,48089,62802,62541,17684,22685,8735,4354,3855,75055,64867,45162,29107,10188
2013,"Tioga County, New York",20202,926,1088,2440,2129,2316,4615,2745,2616,838,489,55726,67843,66434,18597,20435,9341,3658,2311,50409,45875,37282,16038,4534
2013,"Tompkins County, New York",38409,3982,2224,3749,3676,5214,6804,4134,4865,1907,1854,51393,71456,71647,18126,27629,8793,3647,3844,101379,94736,81827,23593,6643
2013,"Ulster County, New York",69862,3812,3237,7235,6637,8871,13333,9487,10023,3888,3339,58590,76828,75180,17482,25106,9293,3987,7496,177543,157377,124966,56014,20166
2013,"Warren County, New York",28081,1313,1456,2910,3261,3615,5814,3775,3727,1316,894,55904,70421,69096,18154,27486,9699,3558,2918,64893,58542,47513,21793,6351
2013,"Washington County, New York",24499,1100,1490,2962,2799,3466,5260,3718,2548,758,398,52361,61970,60399,17746,20448,7946,3229,3387,59926,53475,41052,21862,6451
2013,"Wayne County, New York",36399,1830,1780,3942,4175,5644,7397,5359,4518,1218,536,52601,63443,63206,18392,19780,9312,3419,4073,91943,83212,67157,28974,8731
2013,"Westchester County, New York",343561,16021,12033,25692,24359,32652,48439,38972,55701,31661,58031,81946,130829,134273,20049,31958,9188,4421,27083,943002,839733,697191,247227,103269
2013,"Wyoming County, New York",15624,786,825,1720,1808,2526,3337,2243,1922,332,125,51100,59649,58457,18170,20346,8528,2788,1446,38063,34733,28893,11834,3330
2013,"Yates County, New York",9602,597,603,1117,1117,1434,1931,1452,780,283,288,49335,63666,59004,17699,25848,8432,3125,1321,24879,20178,15422,8463,4701
2012,New York,7230896,567084,377358,716307,660788,871103,1223080,869969,1018288,436257,490662,57683,83578,87428,17084,24625,8973,4065,976011,19138275,16976458,12827926,6271134,2161817
2012,"Albany County, New York",122674,8523,5858,11014,10729,15667,22688,16141,18899,8044,5111,59359,76707,77753,17920,27576,9381,4456,11529,300805,279221,236791,82312,21584
2012,"Allegany County, New York",18843,1387,1417,2572,2405,3296,3612,2014,1576,358,206,42095,52876,52865,16604,17930,9400,4137,2920,48360,43823,34109,16883,4537
2012,"Bronx County, New York",473281,76326,42378,67776,53268,64292,72626,42034,36248,11520,6813,34300,48852,54628,13386,18935,8450,3388,159860,1361525,1144516,595509,661060,217009
2012,"Broome County, New York",80223,6710,4889,10635,9006,11942,14923,8903,8503,2738,1974,45856,60319,62236,17080,19969,8876,3919,10586,197130,178973,140469,67678,18157
2012,"Cattaraugus County, New York",32419,2255,2287,4754,3832,5351,6710,3816,2538,490,386,43202,53029,52582,16492,17640,8734,3727,4363,79333,69857,54917,28046,9476
2012,"Cayuga County, New York",31427,1878,1637,3932,3355,4536,6678,4468,3640,864,439,50950,61144,62421,16465,19319,9546,3144,3394,76272,68012,53287,25974,8260
2012,"Chautauqua County, New York",54950,4996,4173,7650,6757,8659,10140,5963,4758,1301,553,41975,52340,53868,16169,18181,9446,3650,8658,131857,119763,90110,50907,12094
2012,"Chemung County, New York",35452,2576,2303,4725,4263,4431,7302,4041,4069,976,766,48128,60180,62550,16708,18338,8984,3544,4999,84522,77464,59933,30744,7058
2012,"Chenango County, New York",19779,1429,1259,2661,2323,3313,3871,2496,1694,433,300,44127,56918,58011,16994,16517,9498,2833,2772,49843,44535,32862,19202,5308
2012,"Clinton County, New York",31820,2306,2014,3640,3472,4367,6406,3982,3963,1050,620,50522,62559,63122,16518,20956,9605,3828,4724,77496,71887,58493,25259,5609
2012,"Columbia County, New York",25476,1160,1166,2729,2626,3672,4580,3326,3995,1110,1112,56445,79555,76963,17245,22942,8813,3686,1968,60822,54920,45313,19377,5902
2012,"Cortland County, New York",17809,1480,1072,1914,1887,2993,3489,2196,1784,741,253,47497,59844,60478,15803,18682,9308,3442,2387,48955,44841,36039,14945,4114
2012,"Delaware County, New York",19920,1448,1460,2726,2454,3094,4010,2422,1820,296,190,43004,53213,51349,16962,20414,8236,3264,2025,47259,42420,32954,17728,4839
2012,"Dutchess County, New York",107734,5180,4094,8051,8514,11593,18978,15847,19947,8501,7029,71508,88894,88919,18690,26119,9456,4352,8104,289408,262377,226060,73803,27031
2012,"Erie County, New York",379980,32723,21971,44403,40116,50850,69160,47115,47177,14690,11775,49977,65577,68766,17164,20777,9345,3648,53274,906922,844678,673278,306968,62244
2012,"Essex County, New York",16198,839,904,1968,1957,2858,3407,1853,1574,575,263,47400,61571,58541,17347,20158,11148,2931,1436,36809,33249,26441,13101,3560
2012,"Franklin County, New York",19170,1605,1324,2510,2281,2698,3561,2552,2032,303,304,45702,57039,59169,16114,22034,8882,4838,2773,46344,40844,30857,16743,5500
2012,"Fulton County, New York",22511,1862,1427,2805,2605,3553,4535,2748,2289,372,315,45333,56907,57256,16259,19540,8825,3213,3410,54028,48624,35175,22133,5404
2012,"Genesee County, New York",23962,1485,1251,2466,2767,3575,5083,3466,2728,813,328,51734,63108,62419,17637,20176,9524,3526,2223,59176,53903,44518,17888,5273
2012,"Greene County, New York",18411,1184,1061,2455,2221,2879,3390,2300,2075,526,320,47539,60810,64155,17048,23233,10655,4862,1714,45861,41105,32479,15934,4756
2012,"Hamilton County, New York",2134,111,83,234,255,347,445,259,257,78,65,51595,63883,63205,17670,24240,10924,3018,74,4822,4486,3864,1646,336
2012,"Herkimer County, New York",26775,1965,2045,3367,3334,4098,5292,3357,2278,636,403,44288,55286,57143,15755,16923,8489,4323,4447,63698,57115,42257,24524,6583
2012,"Jefferson County, New York",45162,3218,2684,5267,5450,7591,9277,5492,4377,1152,654,46549,57573,56995,15901,20711,8931,4450,6634,105375,95386,73576,36168,9989
2012,"Kings County, New York",911995,108525,63301,105235,93794,118078,148884,92693,102790,41211,37484,45215,65770,72916,14618,20288,8826,4173,200218,2501588,2156672,1319130,1022376,344916
2012,"Lewis County, New York",10657,754,488,1354,1404,1845,2229,1253,1019,192,119,45187,55350,57551,16593,17994,9582,2961,1552,26704,23828,19077,8703,2876
2012,"Livingston County, New York",24127,1532,1219,2418,2413,3340,5154,3823,3179,709,340,54244,63205,63509,17537,22148,10520,3470,2379,62579,58490,50276,17225,4089
2012,"Madison County, New York",26613,1652,1393,2597,2720,4342,5544,3821,2975,897,672,52293,64644,65295,17173,21017,9939,6079,2529,72121,65965,55022,20799,6156
2012,"Monroe County, New York",294726,24206,14620,30725,31316,39936,53575,39274,37637,12533,10904,52700,69478,71626,17874,21586,9541,3929,37063,737073,685507,558231,228434,51566
2012,"Montgomery County, New York",19898,1710,1316,2651,2365,3052,3674,2384,1943,575,228,42830,56185,56725,15653,18771,8401,4781,3343,49232,43727,31832,19412,5505
2012,"Nassau County, New York",442869,13651,10567,24697,24627,36650,60979,56223,92925,54818,67732,97049,125304,125135,19913,32085,10509,5848,19181,1328101,1210845,1066024,308568,117256
2012,"New York County, New York",738131,72833,39952,62186,53255,64788,99665,71268,96146,52921,125117,68370,128721,136682,16045,29496,8206,4040,94564,1585534,1412744,1063704,482773,172790
2012,"Niagara County, New York",88542,6447,5399,11253,10048,12727,17130,10373,10600,2990,1575,47736,60824,63563,17165,19272,9030,4420,11812,213482,196259,159945,73551,17223
2012,"Oneida County, New York",91500,7372,5376,11143,9768,12783,18059,11022,10828,3077,2072,49148,62353,64488,16214,21629,8572,3489,13636,225102,207794,158102,85088,17308
2012,"Onondaga County, New York",185036,14098,10361,19467,18577,24417,34336,22372,26737,8170,6501,53593,70000,73392,17668,22034,8999,3479,22614,460883,420822,342307,141029,40061
2012,"Ontario County, New York",43822,1695,2058,4596,4597,6321,9029,5861,6347,1821,1497,56455,71972,70328,17829,21897,9810,4239,3579,106714,98106,83862,30743,8608
2012,"Orange County, New York",125180,5595,5541,9665,9892,13383,21516,17295,24289,10442,7562,70712,87796,88060,17990,27426,8998,4734,11413,362027,324338,263248,100216,37689
2012,"Orleans County, New York",15871,758,1071,1762,1850,2475,3461,2140,1876,318,160,50113,58571,56925,17766,19875,10267,3222,2284,40206,35817,28633,14398,4389
2012,"Oswego County, New York",45753,3827,2386,5380,5370,7055,9133,5679,5028,1263,632,47288,59037,60490,16561,19355,8850,3860,6598,121074,111025,83678,43707,10049
2012,"Otsego County, New York",24541,1893,1447,3044,3098,3643,5051,2731,2528,573,533,46358,59288,56271,16604,23007,9151,2710,2203,61509,56376,44718,20737,5133
2012,"Putnam County, New York",35088,924,770,1906,2316,3051,4647,4865,8039,4118,4452,95259,114431,114219,20000,27885,10489,7593,1173,99107,90317,82897,18948,8790
2012,"Queens County, New York",776311,54960,35641,77864,75265,100991,142415,101352,112771,43689,31363,56780,72891,75820,15967,22266,8576,4213,99728,2219993,1829346,1229222,776810,390647
2012,"Rensselaer County, New York",63952,3941,3049,5975,6080,7991,12378,8793,10323,3371,2051,58959,72644,72972,16987,26127,9106,3132,6497,157432,146362,122152,45571,11070
2012,"Richmond County, New York",163675,10360,6523,12210,11848,16632,25836,24012,30585,14733,10936,73496,89078,92794,18039,30323,9337,4022,17518,463278,427811,335972,135400,35467
2012,"Rockland County, New York",98401,3778,3224,7430,6185,8662,13985,12874,19027,11302,11934,86020,108975,108923,19860,33267,10472,5632,8461,309216,277954,219279,92590,31262
2012,"St. Lawrence County, New York",42076,3835,2783,5614,5030,6320,8020,4787,3927,1150,610,43745,56216,56702,16315,20745,9075,4571,6234,108388,96160,72668,38703,12228
2012,"Saratoga County, New York",87952,3205,3285,6688,7273,10084,17784,13428,16361,5584,4260,67712,83668,84754,18655,26180,9726,2885,5278,216481,201621,180776,50231,14860
2012,"Schenectady County, New York",58263,3500,3212,6133,5557,7328,11864,7991,8117,2677,1884,56445,69891,71261,17652,23423,9701,4881,5795,152758,139276,112715,48129,13482
2012,"Schoharie County, New York",12627,768,941,1230,1251,1918,2558,1716,1526,464,255,51896,63464,63529,16618,21758,10186,3009,1426,32346,29425,23772,11037,2921
2012,"Schuyler County, New York",7570,306,480,912,977,1243,1720,778,960,105,89,47869,57703,58359,16435,17019,9861,3251,661,17987,15409,11852,6221,2578
2012,"Seneca County, New York",13400,800,721,1728,1636,1909,2749,1849,1513,357,138,49155,58646,58834,15655,20260,8258,3085,1193,32594,28369,23110,10408,4225
2012,"Steuben County, New York",41268,2862,2583,5191,4774,6814,8191,4548,4205,1327,773,46519,59271,60696,16855,19626,8844,4202,4789,97817,86917,67605,34925,10900
2012,"Suffolk County, New York",496349,15564,12207,29536,29352,45656,77436,71945,107773,54709,52171,87778,108149,108400,19372,31369,10412,5729,24513,1478905,1330161,1161917,345389,148744
2012,"Sullivan County, New York",29664,2259,1776,3883,3093,4339,5646,3823,2922,1042,881,48050,62120,62498,17387,23190,8994,4175,3478,75305,64821,46855,27446,10484
2012,"Tioga County, New York",20320,1008,1127,2228,1845,2626,4900,2805,2542,781,458,56488,67082,64896,17812,21466,8655,3290,2177,50698,46494,38401,15621,4204
2012,"Tompkins County, New York",38545,4105,2207,3756,3500,5558,6941,4058,4850,1940,1630,50539,69520,69462,17702,27212,9024,3719,3663,100691,94318,81709,23382,6373
2012,"Ulster County, New York",70274,3622,3255,7386,6612,8950,13402,9797,10407,3727,3116,58934,76629,75192,17100,24073,8935,4054,7325,177798,157835,125875,55281,19963
2012,"Warren County, New York",28515,1454,1577,2961,3281,3793,5828,4094,3419,1282,826,54909,68077,66951,17583,23478,9034,3579,2918,64967,58231,47764,21238,6736
2012,"Washington County, New York",24590,1075,1500,2980,2746,3806,5431,3582,2468,638,364,50864,60082,58026,17556,19772,8012,2517,3034,59699,53293,41652,20954,6406
2012,"Wayne County, New York",36646,1872,1794,3686,4036,5751,7605,5552,4585,1331,434,53497,63737,63100,17834,20399,9006,2853,3980,92128,83533,68611,27712,8595
2012,"Westchester County, New York",344875,16304,11928,25516,24443,33236,50820,38765,54217,31316,58330,81093,130808,133722,19428,31602,9044,4453,24408,937044,833458,700663,238933,103586
2012,"Wyoming County, New York",15633,840,838,1883,1639,2535,3375,2163,1930,318,112,50635,59093,58433,17594,19469,8112,3554,1345,38154,34715,29419,11333,3439
2012,"Yates County, New York",9531,548,685,1184,1078,1420,1967,1389,753,219,288,48245,62848,60037,16909,24484,8110,2951,1175,24938,20318,15960,8090,4620
2011,New York,7215687,569093,377349,714075,668253,882191,1233315,875786,1002264,421066,472295,56951,82698,86328,16581,23831,8697,3905,890240,NaN,NaN,NaN,NaN,NaN
2011,"Albany County, New York",123544,8564,6386,11323,10795,16672,22496,16304,18437,7376,5191,57715,75821,76922,17141,25823,9032,4573,10704,NaN,NaN,NaN,NaN,NaN
2011,"Allegany County, New York",18936,1486,1392,2627,2370,3349,3675,2003,1481,363,190,41900,51838,52417,15985,16985,9051,3996,2832,NaN,NaN,NaN,NaN,NaN
2011,"Bronx County, New York",471923,76119,41581,66050,53401,65614,73432,41983,36466,10788,6489,34744,48609,54141,13143,17943,8097,3354,147009,NaN,NaN,NaN,NaN,NaN
2011,"Broome County, New York",80257,6865,4996,10606,9093,11852,15082,9071,8161,2636,1895,45619,60123,62118,16572,18765,8555,4030,9256,NaN,NaN,NaN,NaN,NaN
2011,"Cattaraugus County, New York",32440,2420,2366,4591,3965,5298,6875,3751,2325,480,369,42754,52267,51985,15904,17458,8783,3249,4072,NaN,NaN,NaN,NaN,NaN
2011,"Cayuga County, New York",31807,1947,1616,4032,3618,4628,6707,4318,3706,787,448,50140,60133,61387,15821,18100,9032,3205,3151,NaN,NaN,NaN,NaN,NaN
2011,"Chautauqua County, New York",55499,5017,4171,7662,6988,8927,10565,6142,4432,1138,457,41432,51360,52321,15804,17581,8856,3440,7989,NaN,NaN,NaN,NaN,NaN
2011,"Chemung County, New York",35528,2826,2171,4949,4232,4820,7006,3983,3737,952,852,46589,60022,62482,16325,17911,9177,3474,4861,NaN,NaN,NaN,NaN,NaN
2011,"Chenango County, New York",20003,1513,1359,2445,2308,3437,3952,2567,1673,469,280,44662,56738,58106,16262,16191,8933,3211,2538,NaN,NaN,NaN,NaN,NaN
2011,"Clinton County, New York",31527,2328,1982,3798,3577,4284,6425,3975,3820,764,574,49260,60512,60942,15970,21021,9397,3691,4467,NaN,NaN,NaN,NaN,NaN
2011,"Columbia County, New York",25681,1233,1158,2828,2652,3633,4612,3543,3745,1149,1128,56185,78210,76763,16847,22624,8257,3575,1685,NaN,NaN,NaN,NaN,NaN
2011,"Cortland County, New York",17915,1497,1157,2026,1951,3170,3284,2351,1570,698,211,45956,57878,58577,15364,18923,9455,3476,2338,NaN,NaN,NaN,NaN,NaN
2011,"Delaware County, New York",20177,1407,1590,2570,2419,3205,4109,2512,1868,269,228,43554,54195,52867,16245,20226,8197,3124,1695,NaN,NaN,NaN,NaN,NaN
2011,"Dutchess County, New York",107151,5383,3739,8096,8292,11776,19466,15874,19739,8335,6451,71125,87441,87705,18052,25339,9499,4216,6906,NaN,NaN,NaN,NaN,NaN
2011,"Erie County, New York",379478,33513,22676,44062,41113,51993,68720,46733,44870,14100,11698,48805,64959,68128,16657,20458,9156,3477,49363,NaN,NaN,NaN,NaN,NaN
2011,"Essex County, New York",16067,801,1114,2010,1838,2817,3392,1753,1619,421,302,46629,60171,56808,16657,20248,10246,3699,1380,NaN,NaN,NaN,NaN,NaN
2011,"Franklin County, New York",18940,1597,1322,2425,2426,2879,3317,2555,1912,269,238,43673,55311,57416,15451,20633,8901,4894,2481,NaN,NaN,NaN,NaN,NaN
2011,"Fulton County, New York",22939,2017,1465,2948,2709,3541,4539,2728,2276,385,331,45289,56578,56715,15836,18042,8575,3202,3517,NaN,NaN,NaN,NaN,NaN
2011,"Genesee County, New York",23965,1554,1339,2488,2844,3563,5153,3499,2386,788,351,50861,61933,61681,16883,19681,9176,3440,2297,NaN,NaN,NaN,NaN,NaN
2011,"Greene County, New York",18922,1332,1016,2533,2212,2896,3611,2499,1986,486,351,47033,59327,61817,17008,22380,9222,4781,1649,NaN,NaN,NaN,NaN,NaN
2011,"Hamilton County, New York",2303,126,123,247,267,362,490,276,258,96,58,51142,63732,65255,17008,21398,7961,3467,74,NaN,NaN,NaN,NaN,NaN
2011,"Herkimer County, New York",26470,1904,2013,3595,3401,4064,5175,3323,2031,588,376,42680,53916,56031,15096,15916,7985,3179,3939,NaN,NaN,NaN,NaN,NaN
2011,"Jefferson County, New York",44722,3273,2698,5462,5239,7867,9158,5362,4033,1033,597,45559,56361,56300,15603,19884,8618,4112,5982,NaN,NaN,NaN,NaN,NaN
2011,"Kings County, New York",907785,110452,62309,104935,94957,119677,148916,93854,98701,38281,35703,44593,64845,71868,14246,19327,8619,4009,182460,NaN,NaN,NaN,NaN,NaN
2011,"Lewis County, New York",10602,702,481,1420,1495,1839,2269,1215,843,233,105,44281,53980,55931,16286,17316,8320,2503,1225,NaN,NaN,NaN,NaN,NaN
2011,"Livingston County, New York",24201,1557,1088,2494,2430,3595,5194,3791,3006,723,323,53231,62449,62950,17210,20566,10070,2653,2252,NaN,NaN,NaN,NaN,NaN
2011,"Madison County, New York",26930,1497,1295,2745,2889,4163,5798,3681,3337,841,684,53473,65444,65865,16757,20081,8962,5643,2079,NaN,NaN,NaN,NaN,NaN
2011,"Monroe County, New York",293104,24280,13925,31378,32145,38968,54550,38300,37489,12303,9766,52260,68500,70340,17280,21337,9219,4024,34498,NaN,NaN,NaN,NaN,NaN
2011,"Montgomery County, New York",20059,1564,1262,2698,2469,3146,3859,2306,2078,415,262,43254,55910,56819,15182,17264,8084,4142,3002,NaN,NaN,NaN,NaN,NaN
2011,"Nassau County, New York",443315,13443,10960,25063,23688,37342,61709,57995,92929,54578,65608,95823,124742,124523,19314,31626,9991,5665,16470,NaN,NaN,NaN,NaN,NaN
2011,"New York County, New York",733393,73248,39686,62141,53629,66385,98650,71626,93464,52483,122081,67204,127411,134745,15657,28525,7826,3865,88306,NaN,NaN,NaN,NaN,NaN
2011,"Niagara County, New York",88589,6735,5538,11397,10401,12956,16885,10365,10020,2710,1582,46599,59779,62199,16701,19342,8801,4092,11144,NaN,NaN,NaN,NaN,NaN
2011,"Oneida County, New York",91568,6818,5343,11439,10235,13328,18022,11211,10446,2848,1878,48382,61538,63379,15815,20866,8595,3338,12421,NaN,NaN,NaN,NaN,NaN
2011,"Onondaga County, New York",183381,13977,10161,19261,19449,24751,34037,22447,25423,7768,6107,52636,68807,71545,17199,21285,8580,3441,20090,NaN,NaN,NaN,NaN,NaN
2011,"Ontario County, New York",43474,1829,2006,4650,4439,5977,9342,5889,6238,1632,1472,57069,72150,71067,17504,21219,9972,4680,3236,NaN,NaN,NaN,NaN,NaN
2011,"Orange County, New York",124939,5758,5389,9287,10035,13267,22415,17110,24466,10407,6805,70294,86272,86637,17501,25903,8879,4389,9827,NaN,NaN,NaN,NaN,NaN
2011,"Orleans County, New York",15896,868,1156,1871,1822,2531,3253,2327,1634,280,154,47788,56732,55275,17063,19740,9035,3548,2330,NaN,NaN,NaN,NaN,NaN
2011,"Oswego County, New York",45600,3698,2592,5208,5375,7259,9402,5402,4906,1188,570,47036,58097,59041,16096,18866,7941,3580,5700,NaN,NaN,NaN,NaN,NaN
2011,"Otsego County, New York",24713,1991,1605,3106,2929,3871,4936,2855,2365,563,492,45334,57862,55195,16336,23116,8970,2862,2082,NaN,NaN,NaN,NaN,NaN
2011,"Putnam County, New York",34998,920,660,1779,2360,3029,4935,5149,8046,3961,4159,92711,111990,110810,19510,27774,10626,4821,953,NaN,NaN,NaN,NaN,NaN
2011,"Queens County, New York",773130,53687,36793,75943,75871,101691,144588,102288,110873,41240,30156,56406,72324,75008,15465,21414,8385,3983,91377,NaN,NaN,NaN,NaN,NaN
2011,"Rensselaer County, New York",63626,4003,2935,6131,6534,8239,12369,8800,9630,3213,1772,56271,70088,70514,16388,23512,8697,3313,6301,NaN,NaN,NaN,NaN,NaN
2011,"Richmond County, New York",163747,10118,6270,12988,11592,16374,26942,24119,29813,14840,10691,72752,88221,91728,17514,29239,8951,4017,15556,NaN,NaN,NaN,NaN,NaN
2011,"Rockland County, New York",98106,3516,3148,7461,6357,8948,14478,12817,18919,10757,11705,84661,107873,107818,19223,33064,10828,5604,6999,NaN,NaN,NaN,NaN,NaN
2011,"St. Lawrence County, New York",41825,3559,3141,5481,4828,6498,8338,4859,3684,979,458,43390,54104,54535,15696,19105,9088,3671,5412,NaN,NaN,NaN,NaN,NaN
2011,"Saratoga County, New York",87762,3561,3347,6862,7131,10417,17411,13585,15998,5242,4208,67186,82308,83183,17946,25507,9354,2794,4513,NaN,NaN,NaN,NaN,NaN
2011,"Schenectady County, New York",58203,3263,3270,6449,5798,7361,11599,7947,8050,2709,1757,55587,69316,71003,17147,23349,9083,4437,4960,NaN,NaN,NaN,NaN,NaN
2011,"Schoharie County, New York",12801,745,953,1322,1313,1941,2591,1765,1519,427,225,50795,62290,62648,16063,19657,9734,2298,1386,NaN,NaN,NaN,NaN,NaN
2011,"Schuyler County, New York",7610,344,426,908,1064,1294,1821,778,808,75,92,47804,55831,54877,15994,16644,9550,1859,651,NaN,NaN,NaN,NaN,NaN
2011,"Seneca County, New York",13257,725,813,1531,1717,2243,2697,1779,1262,340,150,47266,57137,56062,15212,18826,8510,2992,1092,NaN,NaN,NaN,NaN,NaN
2011,"Steuben County, New York",41101,2955,2623,5526,4982,6674,7931,4460,4056,1154,740,44967,57757,59118,16124,18822,8421,3624,4525,NaN,NaN,NaN,NaN,NaN
2011,"Suffolk County, New York",496677,15335,11991,28662,29451,44922,80900,72633,110632,53242,48909,87187,107305,107210,18832,30395,10278,5545,20639,NaN,NaN,NaN,NaN,NaN
2011,"Sullivan County, New York",29432,2347,1680,3589,3035,4496,5837,3694,2929,996,829,48303,61937,62327,16591,22881,8950,3974,3140,NaN,NaN,NaN,NaN,NaN
2011,"Tioga County, New York",20458,1181,1055,2073,2116,3023,4799,2698,2427,713,373,53789,64292,61898,16879,21203,8856,2713,2047,NaN,NaN,NaN,NaN,NaN
2011,"Tompkins County, New York",38531,3979,2266,3921,3743,5426,6870,4139,4916,1835,1436,49789,67553,66625,17412,25197,9043,3532,3454,NaN,NaN,NaN,NaN,NaN
2011,"Ulster County, New York",70034,3765,3017,7123,6693,9034,13477,9834,10550,3523,3018,58808,75569,74551,16485,23750,8666,3862,6447,NaN,NaN,NaN,NaN,NaN
2011,"Warren County, New York",28392,1410,1661,2913,3442,3889,5695,4000,3466,1060,856,53877,67353,67293,16808,22163,9286,3667,2616,NaN,NaN,NaN,NaN,NaN
2011,"Washington County, New York",24682,1258,1507,2919,2787,3838,5375,3636,2398,584,380,50117,59259,58023,16425,18925,7543,2487,2771,NaN,NaN,NaN,NaN,NaN
2011,"Wayne County, New York",36563,1781,1877,3812,3894,5335,7943,5648,4596,1219,458,54380,63361,62840,17321,20939,9314,2945,3630,NaN,NaN,NaN,NaN,NaN
2011,"Westchester County, New York",345908,16042,12199,25157,24861,33927,50805,40032,55176,30857,56852,80725,130005,132762,18811,30470,8896,4355,22016,NaN,NaN,NaN,NaN,NaN
2011,"Wyoming County, New York",15549,796,907,1841,1593,2403,3467,2362,1799,243,138,51312,58742,57786,17019,20311,8742,3310,1241,NaN,NaN,NaN,NaN,NaN
2011,"Yates County, New York",9552,664,584,1218,994,1487,1969,1285,841,234,276,48125,62739,58921,16395,23788,7962,3598,1207,NaN,NaN,NaN,NaN,NaN